S.no,Class,Passenger Load,Date of Booking,Destination,Fare,GENDER,PASSENGER_SATISFACTION,Passenger Ratings,CUSTOMER TYPE,class.1,Travel Type,
1,T,54,27-Apr-21,LUCKNOW,2500,MALE,Neutral or Dissatisfied,Arrival Time Convenience,Returning,Business,Business,
4,Q,110,27-Apr-21,LUCKNOW,3500,FEMALE,Satisfied,Baggage Handling,Returning,Business,Personal,
11,T,34,27-Apr-21,LUCKNOW,4790,MALE,Neutral or Dissatisfied,Food and Drink,Returning,Economy,Business,
14,T,136,27-Apr-21,LUCKNOW,5510,MALE,Neutral or Dissatisfied,Ease of Online Booking,Returning,Business,Business,
17,Q,98,27-Apr-21,LUCKNOW,6230,FEMALE,Neutral or Dissatisfied,Ease of Online Booking,Returning,Business,Business,
19,P,174,27-Apr-21,LUCKNOW,6710,MALE,Neutral or Dissatisfied,Baggage Handling,Returning,Economy,Business,
20,P,175,27-Apr-21,LUCKNOW,1900,FEMALE,Satisfied,Food and Drink,Returning,Economy plus,Personal,
21,P,176,27-Apr-21,LUCKNOW,2000,FEMALE,Satisfied,Arrival Time Convenience,Returning,Business,Business,
22,P,177,27-Apr-21,LUCKNOW,2400,MALE,Neutral or Dissatisfied,Ease of Online Booking,Returning,Business,Business,
23,P,178,27-Apr-21,LUCKNOW,2145,MALE,Satisfied,Baggage Handling,Returning,Economy plus,Business,
24,P,179,27-Apr-21,LUCKNOW,2395,FEMALE,Neutral or Dissatisfied,Food and Drink,Returning,Economy plus,Personal,
25,P,180,27-Apr-21,LUCKNOW,2508.5,MALE,Neutral or Dissatisfied,Arrival Time Convenience,Returning,Business,Business,
26,P,181,27-Apr-21,LUCKNOW,2622,MALE,Neutral or Dissatisfied,Ease of Online Booking,Returning,Business,Business,
27,P,182,27-Apr-21,LUCKNOW,2735.5,MALE,Satisfied,In-flight Service,Returning,Economy,Business,
30,Q,19,27-Apr-21,LUCKNOW,3076,MALE,Satisfied,Baggage Handling,Returning,Economy plus,Business,
31,T,38,27-Apr-21,LUCKNOW,3189.5,FEMALE,Satisfied,Ease of Online Booking,Returning,Economy plus,Business,
33,T,145,27-Apr-21,LUCKNOW,3416.5,MALE,Neutral or Dissatisfied,Cleanliness,Returning,Economy,Business,
39,M,149,27-Apr-21,LUCKNOW,4097.5,MALE,Satisfied,Ease of Online Booking,Returning,Economy plus,Business,
45,K,65,27-Apr-21,LUCKNOW,4778.5,FEMALE,Satisfied,Cleanliness,Returning,Business,Business,
46,K,69,27-Apr-21,LUCKNOW,4892,FEMALE,Neutral or Dissatisfied,Baggage Handling,Returning,Economy plus,Business,
47,K,73,27-Apr-21,LUCKNOW,5005.5,MALE,Satisfied,Ease of Online Booking,Returning,Business,Business,
49,T,139,27-Apr-21,LUCKNOW,5232.5,FEMALE,Neutral or Dissatisfied,Cleanliness,Returning,Business,Business,
50,T,64,27-Apr-21,LUCKNOW,5346,MALE,Neutral or Dissatisfied,Cleanliness,Returning,Business,Business,
51,T,68,27-Apr-21,LUCKNOW,5459.5,MALE,Neutral or Dissatisfied,In-flight Service,Returning,Economy,Business,
52,T,70,27-Apr-21,LUCKNOW,5573,FEMALE,Satisfied,Food and Drink,Returning,Economy plus,Personal,
64,P,137,27-Apr-21,LUCKNOW,3266.666667,MALE,Neutral or Dissatisfied,Ease of Online Booking,Returning,Business,Business,
73,R,43,27-Apr-21,LUCKNOW,3171.666667,FEMALE,Neutral or Dissatisfied,Arrival Time Convenience,Returning,Economy,Personal,
77,P,117,27-Apr-21,LUCKNOW,3157.666667,FEMALE,Satisfied,Cleanliness,Returning,Economy,Business,
85,P,141,27-Apr-21,LUCKNOW,3129.666667,MALE,Satisfied,Food and Drink,Returning,Business,Business,
86,P,121,27-Apr-21,LUCKNOW,3126.166667,MALE,Neutral or Dissatisfied,Baggage Handling,Returning,Business,Personal,
87,P,122,27-Apr-21,LUCKNOW,3122.666667,FEMALE,Satisfied,Food and Drink,Returning,Business,Business,
89,V,46,27-Apr-21,LUCKNOW,3115.666667,MALE,Neutral or Dissatisfied,Ease of Online Booking,Returning,Economy,Business,
92,L,167,27-Apr-21,LUCKNOW,3105.166667,MALE,Satisfied,Cleanliness,Returning,Business,Personal,
93,P,114,27-Apr-21,LUCKNOW,3101.666667,MALE,Satisfied,In-flight Service,Returning,Economy plus,Business,
94,U,118,27-Apr-21,LUCKNOW,3098.166667,FEMALE,Neutral or Dissatisfied,Food and Drink,Returning,Economy plus,Personal,
95,P,163,27-Apr-21,LUCKNOW,3094.666667,MALE,Satisfied,Food and Drink,Returning,Business,Business,
96,Q,95,27-Apr-21,LUCKNOW,3091.166667,MALE,Neutral or Dissatisfied,Arrival Time Convenience,Returning,Business,Personal,
97,P,165,27-Apr-21,LUCKNOW,3087.666667,MALE,Neutral or Dissatisfied,Ease of Online Booking,Returning,Economy,Business,
98,P,166,27-Apr-21,LUCKNOW,3084.166667,MALE,Neutral or Dissatisfied,In-flight Service,Returning,Economy,Business,
100,T,155,27-Apr-21,LUCKNOW,2450,MALE,Satisfied,Ease of Online Booking,Returning,Economy plus,Business,
101,T,156,27-Apr-21,LUCKNOW,2150,FEMALE,Satisfied,Baggage Handling,Returning,Economy,Business,
103,R,128,27-Apr-21,LUCKNOW,2125,MALE,Satisfied,Cleanliness,Returning,Business,Personal,
108,R,22,27-Apr-21,LUCKNOW,1787.5,FEMALE,Satisfied,Cleanliness,Returning,Economy plus,Business,
109,P,80,27-Apr-21,LUCKNOW,1720,MALE,Satisfied,Cleanliness,Returning,Economy,Business,
110,P,86,27-Apr-21,LUCKNOW,1652.5,MALE,Neutral or Dissatisfied,Cleanliness,Returning,Economy,Business,
111,Q,40,27-Apr-21,LUCKNOW,1585,MALE,Satisfied,Cleanliness,Returning,Economy plus,Personal,
115,T,76,27-Apr-21,LUCKNOW,1315,FEMALE,Neutral or Dissatisfied,Cleanliness,Returning,Economy plus,Personal,
117,P,28,27-Apr-21,LUCKNOW,1180,MALE,Satisfied,In-flight Service,Returning,Business,Business,
118,P,161,27-Apr-21,LUCKNOW,1112.5,FEMALE,Neutral or Dissatisfied,Food and Drink,Returning,Economy plus,Business,
119,P,78,27-Apr-21,LUCKNOW,3234,FEMALE,Satisfied,Ease of Online Booking,Returning,Economy plus,Personal,
122,T,79,27-Apr-21,LUCKNOW,2153,FEMALE,Neutral or Dissatisfied,Food and Drink,Returning,Economy,Personal,
123,T,124,27-Apr-21,LUCKNOW,1773.5,MALE,Neutral or Dissatisfied,Arrival Time Convenience,Returning,Economy plus,Business,
127,T,83,27-Apr-21,LUCKNOW,4200,MALE,Satisfied,Baggage Handling,Returning,Business,Business,
128,T,84,27-Apr-21,LUCKNOW,3600,MALE,Neutral or Dissatisfied,Ease of Online Booking,Returning,Business,Business,
129,P,23,27-Apr-21,LUCKNOW,2350,FEMALE,Neutral or Dissatisfied,Arrival Time Convenience,Returning,Business,Business,
130,T,125,27-Apr-21,LUCKNOW,2000,FEMALE,Neutral or Dissatisfied,Cleanliness,Returning,Economy plus,Personal,
132,Q,111,27-Apr-21,LUCKNOW,6500,FEMALE,Satisfied,Food and Drink,Returning,Business,Business,
139,P,88,27-Apr-21,LUCKNOW,1319.5,MALE,Neutral or Dissatisfied,Baggage Handling,Returning,Economy,Business,
141,Q,26,27-Apr-21,LUCKNOW,3100,MALE,Satisfied,Cleanliness,Returning,Business,Business,
142,Q,27,27-Apr-21,LUCKNOW,3300,MALE,Neutral or Dissatisfied,Cleanliness,Returning,Business,Personal,
143,P,21,27-Apr-21,LUCKNOW,3500,FEMALE,Satisfied,In-flight Service,Returning,Economy plus,Business,
144,T,158,27-Apr-21,LUCKNOW,2999,FEMALE,Neutral or Dissatisfied,Food and Drink,Returning,Business,Business,
145,P,183,27-Apr-21,LUCKNOW,3339.2,MALE,Neutral or Dissatisfied,Food and Drink,Returning,Business,Business,
146,Q,50,27-Apr-21,LUCKNOW,3399,MALE,Neutral or Dissatisfied,Food and Drink,Returning,Economy plus,Business,
148,P,130,27-Apr-21,LUCKNOW,3518.6,FEMALE,Neutral or Dissatisfied,Ease of Online Booking,Returning,Business,Personal,
149,T,29,27-Apr-21,LUCKNOW,3578.4,FEMALE,Neutral or Dissatisfied,Ease of Online Booking,Returning,Business,Personal,
150,Q,113,27-Apr-21,LUCKNOW,3638.2,MALE,Satisfied,Cleanliness,Returning,Economy plus,Business,
151,Q,90,27-Apr-21,LUCKNOW,3698,MALE,Satisfied,Food and Drink,Returning,Business,Personal,
152,P,14,27-Apr-21,LUCKNOW,3757.8,MALE,Neutral or Dissatisfied,Cleanliness,Returning,Business,Business,
153,P,20,27-Apr-21,LUCKNOW,3817.6,MALE,Satisfied,Food and Drink,Returning,Economy,Personal,
155,Q,51,27-Apr-21,LUCKNOW,3937.2,FEMALE,Satisfied,Ease of Online Booking,Returning,Economy plus,Personal,
156,Q,52,27-Apr-21,LUCKNOW,3997,FEMALE,Neutral or Dissatisfied,Ease of Online Booking,Returning,Economy plus,Business,
157,P,142,27-Apr-21,LUCKNOW,4056.8,MALE,Neutral or Dissatisfied,Ease of Online Booking,Returning,Business,Personal,
159,R,53,27-Apr-21,LUCKNOW,4176.4,MALE,Neutral or Dissatisfied,Food and Drink,Returning,Business,Personal,
161,P,160,27-Apr-21,LUCKNOW,4296,MALE,Neutral or Dissatisfied,Food and Drink,Returning,Economy,Personal,
170,P,173,27-Apr-21,LUCKNOW,4834.2,FEMALE,Neutral or Dissatisfied,Food and Drink,Returning,Business,Business,
172,U,94,27-Apr-21,LUCKNOW,4953.8,MALE,Neutral or Dissatisfied,Ease of Online Booking,Returning,Economy,Personal,
173,P,162,27-Apr-21,LUCKNOW,5013.6,MALE,Neutral or Dissatisfied,Arrival Time Convenience,Returning,Economy plus,Business,
174,T,32,27-Apr-21,LUCKNOW,5073.4,MALE,Neutral or Dissatisfied,Ease of Online Booking,Returning,Economy plus,Personal,
175,T,39,27-Apr-21,LUCKNOW,5133.2,FEMALE,Satisfied,In-flight Service,Returning,Economy plus,Business,
2,J,34,27-Apr-21,RANCHI,5432.2,MALE,Neutral or Dissatisfied,Cleanliness,Returning,Economy,Business,
2,Q,145,27-Apr-21,BHUBANESWAR,11357,FEMALE,Neutral or Dissatisfied,Baggage Handling,Returning,Economy,Business,
3,J,35,27-Apr-21,RANCHI,5492,FEMALE,Neutral or Dissatisfied,Cleanliness,Returning,Economy plus,Business,
4,Q,160,27-Apr-21,BHUBANESWAR,11541,MALE,Satisfied,Food and Drink,Returning,Economy plus,Business,
5,P,164,27-Apr-21,BHUBANESWAR,11633,MALE,Satisfied,Ease of Online Booking,Returning,Business,Business,
6,Q,128,27-Apr-21,BHUBANESWAR,11725,FEMALE,Neutral or Dissatisfied,Arrival Time Convenience,Returning,Economy plus,Business,
10,J,22,27-Apr-21,RANCHI,5910.6,FEMALE,Satisfied,Food and Drink,Returning,Economy,Business,
11,L,58,27-Apr-21,RANCHI,5970.4,MALE,Neutral or Dissatisfied,Cleanliness,Returning,Economy plus,Personal,
14,T,47,27-Apr-21,RANCHI,6149.8,MALE,Satisfied,Arrival Time Convenience,Returning,Economy,Business,
15,T,48,27-Apr-21,RANCHI,6209.6,MALE,Satisfied,In-flight Service,Returning,Economy,Business,
16,T,49,27-Apr-21,RANCHI,6269.4,MALE,Neutral or Dissatisfied,Food and Drink,Returning,Economy plus,Personal,
17,T,28,27-Apr-21,RANCHI,6329.2,MALE,Satisfied,In-flight Service,Returning,Economy plus,Personal,
18,L,137,27-Apr-21,RANCHI,6389,FEMALE,Neutral or Dissatisfied,Baggage Handling,Returning,Business,Business,
20,O,46,27-Apr-21,RANCHI,6508.6,MALE,Satisfied,Arrival Time Convenience,Returning,Economy plus,Business,
22,Q,146,27-Apr-21,BHUBANESWAR,7598.5,MALE,Satisfied,In-flight Service,Returning,Business,Business,
25,Q,69,27-Apr-21,BHUBANESWAR,7783,MALE,Satisfied,Ease of Online Booking,Returning,Business,Personal,
26,Q,70,27-Apr-21,BHUBANESWAR,7844.5,FEMALE,Neutral or Dissatisfied,Arrival Time Convenience,Returning,Business,Business,
29,L,138,27-Apr-21,BHUBANESWAR,8029,MALE,Satisfied,Cleanliness,Returning,Economy plus,Business,
30,L,54,27-Apr-21,RANCHI,7106.6,FEMALE,Satisfied,Food and Drink,Returning,Business,Business,
31,O,51,27-Apr-21,RANCHI,7166.4,MALE,Satisfied,Arrival Time Convenience,Returning,Business,Personal,
31,Q,82,27-Apr-21,BHUBANESWAR,8152,MALE,Satisfied,Ease of Online Booking,Returning,Business,Business,
32,O,52,27-Apr-21,RANCHI,7226.2,FEMALE,Satisfied,Arrival Time Convenience,Returning,Economy plus,Personal,
34,Q,96,27-Apr-21,BHUBANESWAR,8336.5,FEMALE,Neutral or Dissatisfied,Cleanliness,Returning,Economy,Business,
36,Q,119,27-Apr-21,BHUBANESWAR,8459.5,MALE,Satisfied,Food and Drink,Returning,Economy plus,Personal,
37,Q,120,27-Apr-21,BHUBANESWAR,8521,MALE,Satisfied,Food and Drink,Returning,Business,Business,
38,L,40,27-Apr-21,RANCHI,7585,FEMALE,Neutral or Dissatisfied,Arrival Time Convenience,Returning,Economy,Business,
38,Q,121,27-Apr-21,BHUBANESWAR,8582.5,MALE,Satisfied,Ease of Online Booking,Returning,Economy,Business,
39,L,131,27-Apr-21,RANCHI,7644.8,MALE,Neutral or Dissatisfied,Arrival Time Convenience,Returning,Economy plus,Personal,
42,T,135,27-Apr-21,RANCHI,7824.2,MALE,Neutral or Dissatisfied,Ease of Online Booking,Returning,Economy plus,Business,
43,J,170,27-Apr-21,RANCHI,7884,MALE,Neutral or Dissatisfied,In-flight Service,Returning,Economy plus,Business,
43,P,99,27-Apr-21,BHUBANESWAR,8890,FEMALE,Neutral or Dissatisfied,Cleanliness,Returning,Economy plus,Personal,
44,J,171,27-Apr-21,RANCHI,7943.8,MALE,Satisfied,Food and Drink,Returning,Business,Personal,
44,R,35,27-Apr-21,BHUBANESWAR,8951.5,FEMALE,Satisfied,Cleanliness,Returning,Business,Business,
45,J,172,27-Apr-21,RANCHI,8003.6,MALE,Neutral or Dissatisfied,Baggage Handling,Returning,Business,Personal,
45,T,53,27-Apr-21,BHUBANESWAR,9013,MALE,Neutral or Dissatisfied,Food and Drink,Returning,Economy plus,Business,
46,T,89,27-Apr-21,RANCHI,8063.4,MALE,Satisfied,Food and Drink,Returning,Economy plus,Business,
47,T,38,27-Apr-21,BHUBANESWAR,9136,FEMALE,Neutral or Dissatisfied,Arrival Time Convenience,Returning,Economy plus,Personal,
48,T,78,27-Apr-21,RANCHI,4850,FEMALE,Neutral or Dissatisfied,Arrival Time Convenience,Returning,Business,Personal,
55,L,162,27-Apr-21,RANCHI,5896.166667,MALE,Satisfied,Ease of Online Booking,Returning,Economy plus,Business,
55,R,12,27-Apr-21,BHUBANESWAR,9628,FEMALE,Neutral or Dissatisfied,Arrival Time Convenience,Returning,Economy,Business,
56,L,163,27-Apr-21,RANCHI,6045.666667,MALE,Neutral or Dissatisfied,In-flight Service,Returning,Economy plus,Business,
56,Q,11,27-Apr-21,BHUBANESWAR,9689.5,MALE,Neutral or Dissatisfied,Cleanliness,Returning,Economy plus,Business,
57,L,164,27-Apr-21,RANCHI,6195.166667,MALE,Neutral or Dissatisfied,Food and Drink,Returning,Business,Personal,
57,Q,75,27-Apr-21,BHUBANESWAR,9751,FEMALE,Satisfied,Cleanliness,Returning,Business,Business,
58,L,165,27-Apr-21,RANCHI,6344.666667,MALE,Neutral or Dissatisfied,Ease of Online Booking,Returning,Business,Business,
59,L,166,27-Apr-21,RANCHI,6494.166667,FEMALE,Neutral or Dissatisfied,Baggage Handling,Returning,Economy,Business,
60,L,85,27-Apr-21,RANCHI,6643.666667,FEMALE,Satisfied,Arrival Time Convenience,Returning,Economy,Business,
60,Q,100,27-Apr-21,BHUBANESWAR,9935.5,MALE,Satisfied,Ease of Online Booking,Returning,Economy plus,Business,
61,L,86,27-Apr-21,RANCHI,6793.166667,MALE,Satisfied,Cleanliness,Returning,Economy plus,Personal,
62,P,83,27-Apr-21,RANCHI,6942.666667,FEMALE,Neutral or Dissatisfied,Cleanliness,Returning,Economy plus,Business,
63,T,127,27-Apr-21,RANCHI,7092.166667,FEMALE,Satisfied,Baggage Handling,Returning,Economy plus,Business,
63,P,39,27-Apr-21,BHUBANESWAR,10120,MALE,Neutral or Dissatisfied,Food and Drink,Returning,Economy plus,Business,
64,L,39,27-Apr-21,RANCHI,5375,MALE,Neutral or Dissatisfied,Arrival Time Convenience,Returning,Business,Business,
64,P,40,27-Apr-21,BHUBANESWAR,10181.5,FEMALE,Neutral or Dissatisfied,Ease of Online Booking,Returning,Economy plus,Business,
65,P,41,27-Apr-21,BHUBANESWAR,10243,MALE,Neutral or Dissatisfied,Arrival Time Convenience,Returning,Business,Personal,
66,P,42,27-Apr-21,BHUBANESWAR,10304.5,FEMALE,Neutral or Dissatisfied,Cleanliness,Returning,Business,Business,
67,Q,155,27-Apr-21,BHUBANESWAR,10366,MALE,Neutral or Dissatisfied,Cleanliness,Returning,Business,Business,
69,P,108,27-Apr-21,BHUBANESWAR,10489,MALE,Satisfied,Ease of Online Booking,Returning,Economy plus,Personal,
70,P,112,27-Apr-21,BHUBANESWAR,10550.5,MALE,Neutral or Dissatisfied,Baggage Handling,Returning,Business,Business,
72,P,65,27-Apr-21,BHUBANESWAR,10673.5,MALE,Neutral or Dissatisfied,Food and Drink,Returning,Economy,Business,
79,Q,25,27-Apr-21,BHUBANESWAR,11104,MALE,Satisfied,In-flight Service,Returning,Business,Business,
80,O,37,27-Apr-21,RANCHI,9542.5,FEMALE,Neutral or Dissatisfied,Food and Drink,Returning,Business,Personal,
81,Q,57,27-Apr-21,BHUBANESWAR,11227,MALE,Neutral or Dissatisfied,Food and Drink,Returning,Economy plus,Business,
82,L,93,27-Apr-21,BHUBANESWAR,11288.5,MALE,Neutral or Dissatisfied,Arrival Time Convenience,Returning,Business,Personal,
86,J,61,27-Apr-21,RANCHI,11087.5,FEMALE,Satisfied,Food and Drink,Returning,Economy plus,Business,
88,Q,34,27-Apr-21,BHUBANESWAR,11657.5,FEMALE,Neutral or Dissatisfied,Arrival Time Convenience,Returning,Business,Personal,
89,R,28,27-Apr-21,BHUBANESWAR,11719,FEMALE,Satisfied,In-flight Service,Returning,Economy,Business,
91,L,64,27-Apr-21,RANCHI,12375,FEMALE,Neutral or Dissatisfied,Cleanliness,Returning,Business,Business,
95,J,21,27-Apr-21,RANCHI,13405,MALE,Neutral or Dissatisfied,Baggage Handling,Returning,Business,Personal,
99,L,67,27-Apr-21,RANCHI,8250,MALE,Neutral or Dissatisfied,Food and Drink,Returning,Economy plus,Personal,
100,L,87,27-Apr-21,RANCHI,8500,FEMALE,Satisfied,In-flight Service,Returning,Business,Personal,
102,L,98,27-Apr-21,RANCHI,9000,FEMALE,Neutral or Dissatisfied,Arrival Time Convenience,Returning,Economy plus,Business,
104,L,45,27-Apr-21,RANCHI,9500,FEMALE,Neutral or Dissatisfied,Cleanliness,Returning,Business,Business,
105,L,31,27-Apr-21,RANCHI,9750,FEMALE,Neutral or Dissatisfied,Baggage Handling,Returning,Economy plus,Business,
106,Q,104,27-Apr-21,BHUBANESWAR,12764.5,MALE,Neutral or Dissatisfied,Ease of Online Booking,Returning,Economy plus,Business,
107,Q,72,27-Apr-21,BHUBANESWAR,12826,MALE,Neutral or Dissatisfied,Arrival Time Convenience,Returning,Economy plus,Personal,
108,Q,73,27-Apr-21,BHUBANESWAR,12887.5,MALE,Satisfied,Baggage Handling,Returning,Business,Personal,
109,Q,74,27-Apr-21,BHUBANESWAR,12949,MALE,Neutral or Dissatisfied,Ease of Online Booking,Returning,Economy plus,Business,
111,R,105,27-Apr-21,BHUBANESWAR,13072,FEMALE,Neutral or Dissatisfied,Baggage Handling,Returning,Business,Business,
112,R,107,27-Apr-21,BHUBANESWAR,13133.5,MALE,Neutral or Dissatisfied,Baggage Handling,Returning,Economy plus,Business,
113,R,110,27-Apr-21,BHUBANESWAR,13195,MALE,Neutral or Dissatisfied,Ease of Online Booking,Returning,Business,Business,
114,R,111,27-Apr-21,BHUBANESWAR,13256.5,MALE,Neutral or Dissatisfied,Arrival Time Convenience,Returning,Economy,Business,
115,R,114,27-Apr-21,BHUBANESWAR,13318,MALE,Neutral or Dissatisfied,Baggage Handling,Returning,Economy plus,Business,
116,R,116,27-Apr-21,BHUBANESWAR,13379.5,FEMALE,Satisfied,Cleanliness,Returning,Business,Business,
117,L,101,27-Apr-21,RANCHI,12750,FEMALE,Neutral or Dissatisfied,Cleanliness,Returning,Business,Business,
117,P,109,27-Apr-21,BHUBANESWAR,13441,MALE,Neutral or Dissatisfied,Baggage Handling,Returning,Economy,Personal,
118,Q,88,27-Apr-21,BHUBANESWAR,13502.5,MALE,Satisfied,Cleanliness,Returning,Economy,Personal,
122,Q,89,27-Apr-21,BHUBANESWAR,13748.5,MALE,Neutral or Dissatisfied,Arrival Time Convenience,Returning,Economy plus,Business,
123,J,123,27-Apr-21,RANCHI,6757,MALE,Neutral or Dissatisfied,Ease of Online Booking,Returning,Business,Personal,
125,L,30,27-Apr-21,RANCHI,6941,MALE,Satisfied,Baggage Handling,Returning,Economy plus,Business,
127,L,124,27-Apr-21,RANCHI,7125,FEMALE,Neutral or Dissatisfied,Food and Drink,Returning,Business,Personal,
127,Q,52,27-Apr-21,BHUBANESWAR,14056,MALE,Satisfied,Arrival Time Convenience,Returning,Economy plus,Business,
128,L,116,27-Apr-21,RANCHI,7217,FEMALE,Neutral or Dissatisfied,Arrival Time Convenience,Returning,Business,Business,
128,Q,33,27-Apr-21,BHUBANESWAR,14117.5,MALE,Neutral or Dissatisfied,Ease of Online Booking,Returning,Economy plus,Personal,
129,L,108,27-Apr-21,RANCHI,7309,MALE,Satisfied,Ease of Online Booking,Returning,Business,Business,
130,L,109,27-Apr-21,RANCHI,7401,MALE,Neutral or Dissatisfied,Baggage Handling,Returning,Economy,Business,
130,R,29,27-Apr-21,BHUBANESWAR,14240.5,MALE,Neutral or Dissatisfied,Food and Drink,Returning,Economy,Personal,
131,L,110,27-Apr-21,RANCHI,7493,MALE,Neutral or Dissatisfied,Cleanliness,Returning,Economy plus,Business,
131,Q,123,27-Apr-21,KOLKATA,14302,FEMALE,Neutral or Dissatisfied,Cleanliness,Returning,Economy plus,Personal,
132,L,59,27-Apr-21,RANCHI,7585,MALE,Satisfied,Cleanliness,Returning,Business,Business,
132,Q,124,27-Apr-21,KOLKATA,14363.5,MALE,Neutral or Dissatisfied,Arrival Time Convenience,Returning,Economy plus,Personal,
133,Q,125,27-Apr-21,KOLKATA,14425,FEMALE,Satisfied,Ease of Online Booking,Returning,Business,Business,
134,O,90,27-Apr-21,RANCHI,7769,MALE,Neutral or Dissatisfied,Baggage Handling,Returning,Economy,Personal,
134,Q,126,27-Apr-21,KOLKATA,14486.5,MALE,Satisfied,Food and Drink,Returning,Economy plus,Business,
135,T,29,27-Apr-21,RANCHI,7861,MALE,Satisfied,Baggage Handling,Returning,Economy,Business,
135,Q,129,27-Apr-21,KOLKATA,14548,MALE,Neutral or Dissatisfied,Food and Drink,Returning,Economy plus,Personal,
136,O,62,27-Apr-21,RANCHI,7953,FEMALE,Neutral or Dissatisfied,Food and Drink,Returning,Economy plus,Business,
136,Q,167,27-Apr-21,KOLKATA,14609.5,MALE,Neutral or Dissatisfied,Arrival Time Convenience,Returning,Business,Business,
137,Q,101,27-Apr-21,KOLKATA,14671,MALE,Neutral or Dissatisfied,Arrival Time Convenience,Returning,Economy plus,Business,
138,Q,102,27-Apr-21,KOLKATA,14732.5,MALE,Neutral or Dissatisfied,Ease of Online Booking,Returning,Business,Personal,
139,Q,106,27-Apr-21,KOLKATA,14794,FEMALE,Neutral or Dissatisfied,Food and Drink,Returning,Economy,Personal,
140,Q,153,27-Apr-21,KOLKATA,14855.5,MALE,Satisfied,Arrival Time Convenience,Returning,Economy plus,Business,
141,Q,154,27-Apr-21,KOLKATA,14917,FEMALE,Neutral or Dissatisfied,Baggage Handling,Returning,Economy plus,Business,
143,Q,67,27-Apr-21,KOLKATA,15040,MALE,Neutral or Dissatisfied,Cleanliness,Returning,Economy plus,Personal,
144,Q,68,27-Apr-21,KOLKATA,15101.5,MALE,Neutral or Dissatisfied,Cleanliness,Returning,Business,Business,
148,L,41,27-Apr-21,RANCHI,9057,MALE,Neutral or Dissatisfied,Arrival Time Convenience,Returning,Economy plus,Business,
149,T,32,27-Apr-21,RANCHI,9149,MALE,Satisfied,In-flight Service,Returning,Business,Business,
151,L,42,27-Apr-21,RANCHI,9333,MALE,Neutral or Dissatisfied,Cleanliness,Returning,Economy plus,Business,
155,L,70,27-Apr-21,RANCHI,9701,MALE,Neutral or Dissatisfied,Arrival Time Convenience,Returning,Economy plus,Business,
159,T,95,27-Apr-21,RANCHI,10069,FEMALE,Neutral or Dissatisfied,Cleanliness,Returning,Economy,Business,
160,T,96,27-Apr-21,RANCHI,10161,MALE,Neutral or Dissatisfied,Cleanliness,Returning,Economy plus,Personal,
161,T,97,27-Apr-21,RANCHI,10253,MALE,Satisfied,Baggage Handling,Returning,Economy plus,Business,
169,J,36,27-Apr-21,RANCHI,10989,FEMALE,Neutral or Dissatisfied,Food and Drink,Returning,Economy plus,Personal,
170,L,105,27-Apr-21,RANCHI,11081,MALE,Neutral or Dissatisfied,Arrival Time Convenience,Returning,Economy plus,Business,
171,L,33,27-Apr-21,RANCHI,11173,MALE,Neutral or Dissatisfied,Ease of Online Booking,Returning,Business,Personal,
1,T,141,28-Apr-21,RANCHI,5372.4,FEMALE,Satisfied,Ease of Online Booking,Returning,Economy,Personal,
2,P,8,26-Apr-21,LUCKNOW,2800,MALE,Neutral or Dissatisfied,Food and Drink,Returning,Economy plus,Personal,
3,P,9,26-Apr-21,LUCKNOW,2200,MALE,Neutral or Dissatisfied,Baggage Handling,Returning,Economy plus,Personal,
4,N,134,28-Apr-21,RANCHI,5551.8,MALE,Neutral or Dissatisfied,Arrival Time Convenience,Returning,Business,Business,
5,P,55,26-Apr-21,LUCKNOW,3350,FEMALE,Neutral or Dissatisfied,Arrival Time Convenience,Returning,Business,Personal,
7,P,156,26-Apr-21,RANCHI,5731.2,FEMALE,Satisfied,Cleanliness,Returning,Economy plus,Business,
7,P,37,25-Apr-21,BHUBANESWAR,11817,MALE,Neutral or Dissatisfied,Baggage Handling,Returning,Economy plus,Personal,
8,Q,157,22-Apr-21,LUCKNOW,4070,MALE,Neutral or Dissatisfied,Cleanliness,Returning,Business,Personal,
8,P,157,26-Apr-21,RANCHI,5791,MALE,Neutral or Dissatisfied,Arrival Time Convenience,Returning,Business,Business,
9,P,56,26-Apr-21,LUCKNOW,4310,MALE,Satisfied,In-flight Service,Returning,Business,Business,
9,N,176,28-Apr-21,RANCHI,5850.8,MALE,Satisfied,Cleanliness,Returning,Business,Personal,
10,P,59,26-Apr-21,LUCKNOW,4550,MALE,Satisfied,Cleanliness,Returning,Economy plus,Business,
12,L,115,28-Apr-21,RANCHI,6030.2,MALE,Satisfied,Food and Drink,Returning,Economy plus,Personal,
13,P,42,26-Apr-21,LUCKNOW,5270,MALE,Satisfied,Arrival Time Convenience,Returning,Economy plus,Business,
13,P,56,26-Apr-21,RANCHI,6090,FEMALE,Neutral or Dissatisfied,Ease of Online Booking,Returning,Business,Personal,
15,P,61,26-Apr-21,LUCKNOW,5750,FEMALE,Neutral or Dissatisfied,Cleanliness,Returning,Economy,Personal,
16,P,62,26-Apr-21,LUCKNOW,5990,FEMALE,Neutral or Dissatisfied,Cleanliness,Returning,Economy plus,Business,
17,J,169,28-Apr-21,BHUBANESWAR,7291,MALE,Neutral or Dissatisfied,Cleanliness,Returning,Business,Business,
19,L,84,28-Apr-21,RANCHI,6448.8,FEMALE,Neutral or Dissatisfied,Food and Drink,Returning,Economy,Personal,
19,J,165,28-Apr-21,BHUBANESWAR,7414,MALE,Neutral or Dissatisfied,Baggage Handling,Returning,Economy plus,Business,
22,P,92,26-Apr-21,RANCHI,6628.2,FEMALE,Neutral or Dissatisfied,Cleanliness,Returning,Economy,Personal,
23,Q,152,26-Apr-21,BHUBANESWAR,7660,MALE,Neutral or Dissatisfied,Food and Drink,Returning,Economy,Personal,
25,P,18,25-Apr-21,RANCHI,6807.6,FEMALE,Neutral or Dissatisfied,Arrival Time Convenience,Returning,Economy plus,Business,
27,J,162,28-Apr-21,BHUBANESWAR,7906,FEMALE,Satisfied,Cleanliness,Returning,Economy plus,Personal,
28,P,4,25-Apr-21,LUCKNOW,2849,MALE,Satisfied,Food and Drink,Returning,Economy,Personal,
29,T,138,23-Apr-21,LUCKNOW,2962.5,FEMALE,Satisfied,Baggage Handling,Returning,Business,Personal,
32,P,60,26-Apr-21,LUCKNOW,3303,MALE,Satisfied,Ease of Online Booking,Returning,Business,Business,
34,Q,35,23-Apr-21,LUCKNOW,3530,MALE,Neutral or Dissatisfied,Arrival Time Convenience,Returning,Economy plus,Business,
35,Q,36,23-Apr-21,LUCKNOW,3643.5,FEMALE,Neutral or Dissatisfied,In-flight Service,Returning,Economy plus,Business,
35,Q,117,26-Apr-21,RANCHI,7405.6,MALE,Neutral or Dissatisfied,Cleanliness,Returning,Business,Personal,
36,Q,37,23-Apr-21,LUCKNOW,3757,MALE,Satisfied,Cleanliness,Returning,Business,Business,
36,J,94,26-Apr-21,RANCHI,7465.4,FEMALE,Neutral or Dissatisfied,Baggage Handling,Returning,Business,Business,
37,P,175,25-Apr-21,RANCHI,7525.2,MALE,Neutral or Dissatisfied,Baggage Handling,Returning,Economy,Personal,
39,L,133,28-Apr-21,BHUBANESWAR,8644,FEMALE,Satisfied,Ease of Online Booking,Returning,Business,Business,
40,V,154,28-Apr-21,LUCKNOW,4211,MALE,Neutral or Dissatisfied,In-flight Service,Returning,Business,Personal,
40,L,141,28-Apr-21,BHUBANESWAR,8705.5,FEMALE,Neutral or Dissatisfied,Cleanliness,Returning,Economy plus,Business,
42,Q,156,26-Apr-21,BHUBANESWAR,8828.5,MALE,Neutral or Dissatisfied,Arrival Time Convenience,Returning,Economy,Business,
43,Q,132,27-Jan-21,LUCKNOW,4551.5,MALE,Neutral or Dissatisfied,Baggage Handling,Returning,Economy plus,Business,
44,Q,133,27-Jan-21,LUCKNOW,4665,MALE,Neutral or Dissatisfied,Food and Drink,Returning,Economy plus,Business,
46,Q,168,26-Apr-21,BHUBANESWAR,9074.5,MALE,Neutral or Dissatisfied,Arrival Time Convenience,Returning,Business,Personal,
47,N,129,26-Apr-21,RANCHI,4700,MALE,Satisfied,Ease of Online Booking,Returning,Business,Business,
48,Q,134,23-Apr-21,LUCKNOW,5119,MALE,Neutral or Dissatisfied,Ease of Online Booking,Returning,Economy plus,Business,
48,Q,115,26-Apr-21,BHUBANESWAR,9197.5,MALE,Neutral or Dissatisfied,In-flight Service,Returning,Business,Business,
49,Q,93,24-Apr-21,RANCHI,4999,MALE,Satisfied,Baggage Handling,Returning,Economy plus,Personal,
49,Q,117,26-Apr-21,BHUBANESWAR,9259,FEMALE,Neutral or Dissatisfied,Food and Drink,Returning,Business,Business,
51,P,15,26-Apr-21,RANCHI,5298.166667,MALE,Neutral or Dissatisfied,Cleanliness,Returning,Economy,Personal,
52,Q,25,23-Apr-21,RANCHI,5447.666667,MALE,Satisfied,Cleanliness,Returning,Economy plus,Business,
53,P,3,26-Apr-21,LUCKNOW,5686.5,MALE,Satisfied,Food and Drink,Returning,Business,Personal,
53,P,11,26-Apr-21,RANCHI,5597.166667,MALE,Neutral or Dissatisfied,Baggage Handling,Returning,Economy plus,Business,
54,P,177,26-Apr-21,RANCHI,5746.666667,MALE,Neutral or Dissatisfied,Arrival Time Convenience,Returning,Business,Business,
58,P,157,28-Apr-21,BHUBANESWAR,9812.5,FEMALE,Neutral or Dissatisfied,In-flight Service,Returning,Business,Personal,
59,P,158,28-Apr-21,BHUBANESWAR,9874,MALE,Neutral or Dissatisfied,Food and Drink,Returning,Economy plus,Business,
61,H,146,28-Apr-21,LUCKNOW,3716.666667,FEMALE,Neutral or Dissatisfied,Baggage Handling,Returning,Business,Business,
62,H,147,28-Apr-21,LUCKNOW,3566.666667,MALE,Satisfied,Baggage Handling,Returning,Business,Personal,
63,H,148,28-Apr-21,LUCKNOW,3416.666667,FEMALE,Satisfied,Arrival Time Convenience,Returning,Economy plus,Personal,
65,V,99,28-Apr-21,LUCKNOW,3116.666667,MALE,Satisfied,Ease of Online Booking,Returning,Business,Business,
66,V,100,28-Apr-21,LUCKNOW,2966.666667,MALE,Neutral or Dissatisfied,Baggage Handling,Returning,Business,Personal,
66,L,118,28-Apr-21,RANCHI,5890,FEMALE,Neutral or Dissatisfied,Food and Drink,Returning,Economy plus,Business,
67,V,101,28-Apr-21,LUCKNOW,2816.666667,MALE,Neutral or Dissatisfied,Cleanliness,Returning,Business,Business,
67,N,128,26-Apr-21,RANCHI,6195,FEMALE,Neutral or Dissatisfied,Baggage Handling,Returning,Economy,Personal,
68,T,115,28-Apr-21,LUCKNOW,3157,MALE,Satisfied,Food and Drink,Returning,Economy plus,Business,
68,P,158,14-Apr-21,RANCHI,6452.5,FEMALE,Satisfied,Cleanliness,Returning,Economy,Business,
69,P,159,14-Apr-21,RANCHI,6710,FEMALE,Neutral or Dissatisfied,In-flight Service,Returning,Economy plus,Business,
70,U,152,28-Apr-21,LUCKNOW,3150,MALE,Satisfied,Food and Drink,Returning,Business,Personal,
71,P,63,26-Apr-21,LUCKNOW,3178.666667,MALE,Satisfied,Baggage Handling,Returning,Business,Business,
71,Q,122,26-Apr-21,BHUBANESWAR,10612,FEMALE,Neutral or Dissatisfied,Food and Drink,Returning,Business,Business,
72,P,66,26-Apr-21,LUCKNOW,3175.166667,FEMALE,Neutral or Dissatisfied,Arrival Time Convenience,Returning,Economy plus,Business,
73,N,167,28-Apr-21,RANCHI,7740,MALE,Satisfied,Ease of Online Booking,Returning,Economy plus,Business,
74,V,116,28-Apr-21,LUCKNOW,3168.166667,FEMALE,Neutral or Dissatisfied,Ease of Online Booking,Returning,Economy plus,Business,
74,P,143,26-Apr-21,RANCHI,7997.5,MALE,Neutral or Dissatisfied,In-flight Service,Returning,Business,Personal,
75,Q,67,25-Apr-21,LUCKNOW,3164.666667,MALE,Neutral or Dissatisfied,Baggage Handling,Returning,Economy plus,Business,
75,P,144,26-Apr-21,RANCHI,8255,FEMALE,Neutral or Dissatisfied,Food and Drink,Returning,Business,Personal,
76,Q,71,25-Apr-21,LUCKNOW,3161.166667,FEMALE,Satisfied,Arrival Time Convenience,Returning,Business,Personal,
76,P,145,26-Apr-21,RANCHI,8512.5,MALE,Satisfied,Ease of Online Booking,Returning,Economy,Business,
78,P,31,26-Apr-21,LUCKNOW,3154.166667,MALE,Neutral or Dissatisfied,Cleanliness,Returning,Economy plus,Personal,
79,P,143,26-Apr-21,LUCKNOW,3150.666667,MALE,Neutral or Dissatisfied,Cleanliness,Returning,Economy plus,Personal,
79,P,138,26-Apr-21,RANCHI,9285,MALE,Satisfied,Baggage Handling,Returning,Business,Business,
80,P,144,26-Apr-21,LUCKNOW,3147.166667,MALE,Neutral or Dissatisfied,Cleanliness,Returning,Economy,Business,
80,Q,130,26-Apr-21,BHUBANESWAR,11165.5,FEMALE,Neutral or Dissatisfied,Baggage Handling,Returning,Economy,Personal,
81,P,72,26-Apr-21,LUCKNOW,3143.666667,MALE,Satisfied,Baggage Handling,Returning,Economy plus,Business,
83,P,2,25-Apr-21,LUCKNOW,3136.666667,MALE,Neutral or Dissatisfied,Ease of Online Booking,Returning,Business,Business,
84,P,45,26-Apr-21,LUCKNOW,3133.166667,MALE,Satisfied,In-flight Service,Returning,Economy plus,Personal,
85,L,155,28-Apr-21,RANCHI,10830,FEMALE,Neutral or Dissatisfied,Cleanliness,Returning,Economy plus,Business,
86,L,142,26-Apr-21,BHUBANESWAR,11534.5,MALE,Neutral or Dissatisfied,Baggage Handling,Returning,Business,Business,
87,L,143,26-Apr-21,BHUBANESWAR,11596,MALE,Neutral or Dissatisfied,Arrival Time Convenience,Returning,Economy plus,Personal,
88,P,25,26-Apr-21,LUCKNOW,3119.166667,MALE,Neutral or Dissatisfied,Ease of Online Booking,Returning,Economy,Business,
90,Q,11,22-Apr-21,LUCKNOW,3112.166667,FEMALE,Neutral or Dissatisfied,Baggage Handling,Returning,Economy plus,Personal,
90,J,159,28-Apr-21,BHUBANESWAR,11780.5,MALE,Neutral or Dissatisfied,Food and Drink,Returning,Economy plus,Business,
92,P,1,25-Apr-21,RANCHI,12632.5,MALE,Satisfied,Arrival Time Convenience,Returning,Business,Business,
93,L,136,28-Apr-21,RANCHI,12890,MALE,Neutral or Dissatisfied,Cleanliness,Returning,Economy,Business,
94,N,140,28-Apr-21,RANCHI,13147.5,MALE,Satisfied,Cleanliness,Returning,Economy plus,Business,
96,P,3,25-Apr-21,RANCHI,7500,FEMALE,Neutral or Dissatisfied,Ease of Online Booking,Returning,Business,Business,
97,P,4,25-Apr-21,RANCHI,7750,FEMALE,Satisfied,Arrival Time Convenience,Returning,Economy plus,Business,
98,P,5,25-Apr-21,RANCHI,8000,MALE,Neutral or Dissatisfied,Cleanliness,Returning,Economy plus,Personal,
99,Q,140,23-Apr-21,LUCKNOW,2350,FEMALE,Neutral or Dissatisfied,Cleanliness,Returning,Business,Business,
102,L,49,28-Apr-21,LUCKNOW,2225,MALE,Satisfied,Ease of Online Booking,Returning,Economy plus,Personal,
104,Q,30,24-Apr-21,LUCKNOW,2057.5,MALE,Neutral or Dissatisfied,Baggage Handling,Returning,Economy plus,Personal,
106,Q,135,22-Apr-21,LUCKNOW,1922.5,MALE,Neutral or Dissatisfied,Arrival Time Convenience,Returning,Business,Personal,
108,Q,142,26-Apr-21,RANCHI,10500,FEMALE,Neutral or Dissatisfied,Food and Drink,Returning,Business,Business,
110,T,32,26-Apr-21,BHUBANESWAR,13010.5,FEMALE,Satisfied,Baggage Handling,Returning,Economy plus,Personal,
111,L,150,28-Apr-21,RANCHI,11250,MALE,Satisfied,Food and Drink,Returning,Business,Business,
112,Q,164,08-Apr-21,LUCKNOW,1517.5,MALE,Neutral or Dissatisfied,Food and Drink,Returning,Business,Personal,
112,L,68,26-Apr-21,RANCHI,11500,FEMALE,Neutral or Dissatisfied,Arrival Time Convenience,Returning,Business,Business,
113,P,69,26-Apr-21,RANCHI,11750,FEMALE,Satisfied,Arrival Time Convenience,Returning,Economy,Business,
114,N,174,28-Apr-21,RANCHI,12000,FEMALE,Neutral or Dissatisfied,Ease of Online Booking,Returning,Economy,Personal,
115,N,160,28-Apr-21,RANCHI,12250,MALE,Neutral or Dissatisfied,Food and Drink,Returning,Business,Business,
116,P,41,26-Apr-21,LUCKNOW,1247.5,MALE,Satisfied,Arrival Time Convenience,Returning,Economy plus,Personal,
116,N,161,28-Apr-21,RANCHI,12500,MALE,Neutral or Dissatisfied,Ease of Online Booking,Returning,Business,Business,
119,L,151,28-Apr-21,RANCHI,13250,MALE,Neutral or Dissatisfied,In-flight Service,Returning,Economy plus,Business,
120,U,153,28-Apr-21,LUCKNOW,1890,MALE,Neutral or Dissatisfied,Baggage Handling,Returning,Business,Business,
120,L,152,28-Apr-21,RANCHI,6490,MALE,Neutral or Dissatisfied,Food and Drink,Returning,Business,Personal,
121,V,172,28-Apr-21,LUCKNOW,2475,MALE,Neutral or Dissatisfied,Baggage Handling,Returning,Business,Personal,
121,L,153,28-Apr-21,RANCHI,6555,MALE,Satisfied,Food and Drink,Returning,Business,Business,
121,P,66,26-Apr-21,BHUBANESWAR,13687,MALE,Neutral or Dissatisfied,Baggage Handling,Returning,Economy,Business,
122,L,154,28-Apr-21,RANCHI,6674,FEMALE,Neutral or Dissatisfied,Ease of Online Booking,Returning,Economy plus,Personal,
123,O,91,28-Apr-21,BHUBANESWAR,13810,FEMALE,Neutral or Dissatisfied,Arrival Time Convenience,Returning,Business,Business,
124,P,129,25-Apr-21,LUCKNOW,1507.7,MALE,Satisfied,Ease of Online Booking,Returning,Economy plus,Business,
124,O,132,28-Apr-21,RANCHI,6849,FEMALE,Satisfied,In-flight Service,Returning,Business,Business,
124,O,92,28-Apr-21,BHUBANESWAR,13871.5,MALE,Neutral or Dissatisfied,Cleanliness,Returning,Business,Personal,
125,P,81,25-Apr-21,LUCKNOW,1241.9,FEMALE,Neutral or Dissatisfied,Food and Drink,Returning,Economy plus,Business,
125,P,147,28-Apr-21,BHUBANESWAR,13933,MALE,Neutral or Dissatisfied,Cleanliness,Returning,Economy plus,Business,
126,Q,126,23-Apr-21,LUCKNOW,4300,MALE,Neutral or Dissatisfied,Cleanliness,Returning,Business,Personal,
131,P,85,26-Apr-21,LUCKNOW,1355,MALE,Neutral or Dissatisfied,Baggage Handling,Returning,Economy plus,Business,
133,P,102,26-Apr-21,RANCHI,7677,MALE,Neutral or Dissatisfied,In-flight Service,Returning,Business,Business,
137,P,119,26-Apr-21,RANCHI,8045,MALE,Satisfied,Ease of Online Booking,Returning,Business,Business,
138,U,123,28-Apr-21,LUCKNOW,2083,FEMALE,Neutral or Dissatisfied,In-flight Service,Returning,Economy,Business,
138,P,120,26-Apr-21,RANCHI,8137,MALE,Neutral or Dissatisfied,Cleanliness,Returning,Economy plus,Personal,
139,P,121,26-Apr-21,RANCHI,8229,MALE,Neutral or Dissatisfied,Cleanliness,Returning,Economy plus,Business,
140,P,47,25-Apr-21,LUCKNOW,2900,MALE,Satisfied,Ease of Online Booking,Returning,Economy plus,Business,
140,P,6,25-Apr-21,RANCHI,8321,FEMALE,Neutral or Dissatisfied,In-flight Service,Returning,Business,Personal,
141,L,168,28-Apr-21,RANCHI,8413,MALE,Neutral or Dissatisfied,Food and Drink,Returning,Business,Business,
142,L,169,28-Apr-21,RANCHI,8505,FEMALE,Satisfied,Arrival Time Convenience,Returning,Economy,Business,
142,Q,131,28-Apr-21,KOLKATA,14978.5,MALE,Neutral or Dissatisfied,Ease of Online Booking,Returning,Economy,Personal,
144,O,146,28-Apr-21,RANCHI,8689,MALE,Neutral or Dissatisfied,Baggage Handling,Returning,Economy plus,Personal,
145,O,147,28-Apr-21,RANCHI,8781,FEMALE,Satisfied,Baggage Handling,Returning,Business,Personal,
146,O,148,28-Apr-21,RANCHI,8873,FEMALE,Neutral or Dissatisfied,Arrival Time Convenience,Returning,Economy plus,Business,
147,P,24,26-Apr-21,LUCKNOW,3458.8,MALE,Neutral or Dissatisfied,Ease of Online Booking,Returning,Economy plus,Personal,
147,O,149,28-Apr-21,RANCHI,8965,MALE,Neutral or Dissatisfied,Arrival Time Convenience,Returning,Business,Business,
152,O,173,28-Apr-21,RANCHI,9425,FEMALE,Neutral or Dissatisfied,Baggage Handling,Returning,Business,Business,
154,V,151,28-Apr-21,LUCKNOW,3877.4,MALE,Satisfied,Food and Drink,Returning,Economy,Personal,
154,O,99,28-Apr-21,RANCHI,9609,MALE,Neutral or Dissatisfied,Arrival Time Convenience,Returning,Economy,Business,
156,L,125,28-Apr-21,RANCHI,9793,MALE,Neutral or Dissatisfied,Arrival Time Convenience,Returning,Business,Business,
157,L,126,28-Apr-21,RANCHI,9885,FEMALE,Satisfied,In-flight Service,Returning,Economy plus,Business,
158,P,171,25-Apr-21,LUCKNOW,4116.6,MALE,Neutral or Dissatisfied,Cleanliness,Returning,Business,Business,
160,Q,92,02-Apr-21,LUCKNOW,4236.2,FEMALE,Neutral or Dissatisfied,Baggage Handling,Returning,Economy,Business,
162,Q,57,12-Mar-21,RANCHI,10345,FEMALE,Satisfied,Food and Drink,Returning,Economy plus,Business,
163,Q,7,24-Apr-21,RANCHI,10437,FEMALE,Satisfied,Ease of Online Booking,Returning,Business,Personal,
164,P,13,26-Apr-21,LUCKNOW,4475.4,MALE,Neutral or Dissatisfied,Ease of Online Booking,Returning,Economy plus,Business,
164,Q,8,24-Apr-21,RANCHI,10529,FEMALE,Neutral or Dissatisfied,Arrival Time Convenience,Returning,Business,Business,
165,P,159,25-Apr-21,LUCKNOW,4535.2,MALE,Satisfied,Ease of Online Booking,Returning,Business,Personal,
165,Q,9,24-Apr-21,RANCHI,10621,MALE,Neutral or Dissatisfied,In-flight Service,Returning,Business,Business,
169,P,1,25-Apr-21,LUCKNOW,4774.4,MALE,Satisfied,Baggage Handling,Returning,Business,Business,
176,Q,127,23-Apr-21,LUCKNOW,5193,MALE,Satisfied,Cleanliness,Returning,Business,Business,
1,R,46,23-Apr-21,BHUBANESWAR,11265,MALE,Neutral or Dissatisfied,In-flight Service,Returning,Economy plus,Business,
3,R,79,26-Apr-21,BHUBANESWAR,11449,MALE,Neutral or Dissatisfied,Food and Drink,Returning,Business,Business,
5,R,65,25-Apr-21,RANCHI,5611.6,MALE,Neutral or Dissatisfied,Ease of Online Booking,Returning,Economy,Business,
6,R,57,22-Apr-21,LUCKNOW,3590,MALE,Satisfied,Ease of Online Booking,Returning,Economy,Business,
6,R,66,25-Apr-21,RANCHI,5671.4,MALE,Neutral or Dissatisfied,In-flight Service,Returning,Economy,Personal,
7,R,58,22-Apr-21,LUCKNOW,3830,FEMALE,Satisfied,Food and Drink,Returning,Economy plus,Business,
8,R,21,26-Apr-21,BHUBANESWAR,11909,FEMALE,Satisfied,Ease of Online Booking,Returning,Economy plus,Business,
9,R,22,26-Apr-21,BHUBANESWAR,6800,MALE,Satisfied,Baggage Handling,Returning,Business,Business,
10,R,23,26-Apr-21,BHUBANESWAR,6850,FEMALE,Satisfied,Baggage Handling,Returning,Economy,Personal,
11,R,24,26-Apr-21,BHUBANESWAR,6940,FEMALE,Neutral or Dissatisfied,Baggage Handling,Returning,Economy plus,Business,
12,R,150,17-Apr-21,LUCKNOW,5030,FEMALE,Satisfied,Baggage Handling,Returning,Business,Business,
12,R,4,26-Apr-21,BHUBANESWAR,6975,MALE,Neutral or Dissatisfied,Food and Drink,Returning,Business,Business,
13,R,151,23-Apr-21,BHUBANESWAR,7045,MALE,Neutral or Dissatisfied,Arrival Time Convenience,Returning,Business,Business,
14,R,166,17-Apr-21,BHUBANESWAR,7106.5,FEMALE,Neutral or Dissatisfied,Ease of Online Booking,Returning,Economy plus,Personal,
15,R,58,23-Apr-21,BHUBANESWAR,7168,MALE,Satisfied,Baggage Handling,Returning,Economy plus,Business,
16,R,59,23-Apr-21,BHUBANESWAR,7229.5,MALE,Neutral or Dissatisfied,Arrival Time Convenience,Returning,Business,Business,
18,R,6,11-Mar-21,LUCKNOW,6470,MALE,Neutral or Dissatisfied,Food and Drink,Returning,Economy,Business,
18,R,94,25-Apr-21,BHUBANESWAR,7352.5,MALE,Neutral or Dissatisfied,Cleanliness,Returning,Economy plus,Personal,
20,R,76,26-Apr-21,BHUBANESWAR,7475.5,MALE,Neutral or Dissatisfied,Ease of Online Booking,Returning,Business,Business,
21,R,27,23-Apr-21,RANCHI,6568.4,MALE,Neutral or Dissatisfied,Ease of Online Booking,Returning,Economy plus,Personal,
21,R,80,26-Apr-21,BHUBANESWAR,7537,FEMALE,Neutral or Dissatisfied,Arrival Time Convenience,Returning,Business,Business,
23,R,76,11-Apr-21,RANCHI,6688,MALE,Satisfied,Cleanliness,Returning,Economy,Business,
24,R,77,11-Apr-21,RANCHI,6747.8,MALE,Neutral or Dissatisfied,Baggage Handling,Returning,Economy plus,Business,
24,R,30,26-Apr-21,BHUBANESWAR,7721.5,FEMALE,Neutral or Dissatisfied,Food and Drink,Returning,Economy plus,Business,
26,R,16,19-Apr-21,RANCHI,6867.4,MALE,Satisfied,Ease of Online Booking,Returning,Business,Personal,
27,R,122,25-Mar-21,RANCHI,6927.2,MALE,Satisfied,Baggage Handling,Returning,Economy,Business,
28,R,130,12-Apr-21,RANCHI,6987,MALE,Satisfied,Cleanliness,Returning,Economy plus,Business,
28,R,161,26-Apr-21,BHUBANESWAR,7967.5,FEMALE,Satisfied,Food and Drink,Returning,Economy plus,Business,
29,R,103,18-Apr-21,RANCHI,7046.8,MALE,Satisfied,Food and Drink,Returning,Business,Business,
30,R,95,23-Apr-21,BHUBANESWAR,8090.5,MALE,Satisfied,Arrival Time Convenience,Returning,Business,Personal,
32,R,45,23-Apr-21,BHUBANESWAR,8213.5,MALE,Neutral or Dissatisfied,In-flight Service,Returning,Business,Business,
33,R,81,23-Apr-21,RANCHI,7286,FEMALE,Satisfied,Baggage Handling,Returning,Economy plus,Personal,
33,R,118,25-Apr-21,BHUBANESWAR,8275,MALE,Neutral or Dissatisfied,Food and Drink,Returning,Economy,Business,
34,R,82,23-Apr-21,RANCHI,7345.8,MALE,Neutral or Dissatisfied,Ease of Online Booking,Returning,Economy plus,Personal,
35,R,132,26-Apr-21,BHUBANESWAR,8398,FEMALE,Neutral or Dissatisfied,Baggage Handling,Returning,Business,Business,
37,R,168,23-Jan-21,LUCKNOW,3870.5,MALE,Neutral or Dissatisfied,Food and Drink,Returning,Economy plus,Business,
38,R,169,23-Jan-21,LUCKNOW,3984,FEMALE,Neutral or Dissatisfied,Arrival Time Convenience,Returning,Economy plus,Personal,
40,R,38,20-Apr-21,RANCHI,7704.6,MALE,Neutral or Dissatisfied,Baggage Handling,Returning,Business,Business,
41,R,96,18-Apr-21,LUCKNOW,4324.5,MALE,Neutral or Dissatisfied,Food and Drink,Returning,Business,Business,
41,R,139,25-Apr-21,RANCHI,7764.4,FEMALE,Satisfied,Cleanliness,Returning,Business,Personal,
41,R,97,26-Apr-21,BHUBANESWAR,8767,MALE,Neutral or Dissatisfied,Arrival Time Convenience,Returning,Economy,Business,
42,R,97,18-Apr-21,LUCKNOW,4438,FEMALE,Neutral or Dissatisfied,Ease of Online Booking,Returning,Economy,Personal,
50,R,23,25-Apr-21,RANCHI,5148.666667,MALE,Neutral or Dissatisfied,Arrival Time Convenience,Returning,Economy,Business,
50,R,61,26-Apr-21,BHUBANESWAR,9320.5,FEMALE,Neutral or Dissatisfied,Ease of Online Booking,Returning,Economy plus,Personal,
51,R,62,26-Apr-21,BHUBANESWAR,9382,MALE,Neutral or Dissatisfied,Baggage Handling,Returning,Economy plus,Business,
52,R,63,26-Apr-21,BHUBANESWAR,9443.5,FEMALE,Neutral or Dissatisfied,Baggage Handling,Returning,Business,Business,
53,R,64,26-Apr-21,BHUBANESWAR,9505,FEMALE,Neutral or Dissatisfied,Food and Drink,Returning,Business,Personal,
54,R,77,18-Apr-21,LUCKNOW,5800,FEMALE,Satisfied,Ease of Online Booking,Returning,Business,Personal,
54,R,83,24-Apr-21,BHUBANESWAR,9566.5,MALE,Neutral or Dissatisfied,Arrival Time Convenience,Returning,Economy,Business,
55,R,82,18-Apr-21,LUCKNOW,5913.5,MALE,Satisfied,Ease of Online Booking,Returning,Economy,Personal,
56,R,87,18-Apr-21,LUCKNOW,6027,FEMALE,Neutral or Dissatisfied,Baggage Handling,Returning,Economy plus,Business,
57,R,89,18-Apr-21,LUCKNOW,4300,MALE,Neutral or Dissatisfied,Arrival Time Convenience,Returning,Economy plus,Personal,
58,R,91,18-Apr-21,LUCKNOW,4200,MALE,Neutral or Dissatisfied,Cleanliness,Returning,Business,Business,
59,R,93,18-Apr-21,LUCKNOW,4000,MALE,Neutral or Dissatisfied,Cleanliness,Returning,Economy,Personal,
60,R,131,14-Apr-21,LUCKNOW,3866.666667,MALE,Neutral or Dissatisfied,In-flight Service,Returning,Economy plus,Business,
61,R,139,26-Apr-21,BHUBANESWAR,9997,MALE,Neutral or Dissatisfied,Food and Drink,Returning,Business,Personal,
62,R,140,26-Apr-21,BHUBANESWAR,10058.5,MALE,Neutral or Dissatisfied,Food and Drink,Returning,Business,Business,
65,R,19,26-Apr-21,RANCHI,5775,MALE,Neutral or Dissatisfied,In-flight Service,Returning,Economy plus,Personal,
68,R,144,26-Apr-21,BHUBANESWAR,10427.5,MALE,Neutral or Dissatisfied,Arrival Time Convenience,Returning,Economy,Business,
69,R,107,01-Apr-21,LUCKNOW,3250,MALE,Neutral or Dissatisfied,Cleanliness,Returning,Economy plus,Personal,
70,R,73,26-Apr-21,RANCHI,6967.5,FEMALE,Neutral or Dissatisfied,Cleanliness,Returning,Economy plus,Business,
71,R,74,26-Apr-21,RANCHI,7225,MALE,Satisfied,Baggage Handling,Returning,Business,Personal,
72,R,75,26-Apr-21,RANCHI,7482.5,MALE,Neutral or Dissatisfied,Ease of Online Booking,Returning,Economy,Business,
73,R,127,26-Apr-21,BHUBANESWAR,10735,MALE,Neutral or Dissatisfied,Arrival Time Convenience,Returning,Economy plus,Personal,
74,R,5,23-Apr-21,BHUBANESWAR,10796.5,MALE,Neutral or Dissatisfied,Cleanliness,Returning,Business,Business,
75,R,148,26-Apr-21,BHUBANESWAR,10858,MALE,Neutral or Dissatisfied,Cleanliness,Returning,Business,Business,
76,R,149,26-Apr-21,BHUBANESWAR,10919.5,MALE,Neutral or Dissatisfied,In-flight Service,Returning,Economy plus,Personal,
77,R,111,12-Mar-21,RANCHI,8770,MALE,Neutral or Dissatisfied,Baggage Handling,Returning,Economy,Business,
77,R,150,26-Apr-21,BHUBANESWAR,10981,FEMALE,Neutral or Dissatisfied,Food and Drink,Returning,Economy plus,Business,
78,R,112,12-Mar-21,RANCHI,9027.5,MALE,Satisfied,Arrival Time Convenience,Returning,Economy plus,Business,
78,R,84,26-Apr-21,BHUBANESWAR,11042.5,FEMALE,Neutral or Dissatisfied,Ease of Online Booking,Returning,Business,Business,
81,R,79,25-Apr-21,RANCHI,9800,FEMALE,Neutral or Dissatisfied,Food and Drink,Returning,Economy plus,Business,
82,R,10,26-Apr-21,LUCKNOW,3140.166667,FEMALE,Neutral or Dissatisfied,Ease of Online Booking,Returning,Business,Business,
82,R,80,25-Apr-21,RANCHI,10057.5,MALE,Neutral or Dissatisfied,Arrival Time Convenience,Returning,Economy plus,Business,
83,R,104,25-Apr-21,RANCHI,10315,FEMALE,Neutral or Dissatisfied,Arrival Time Convenience,Returning,Business,Personal,
83,R,1,26-Apr-21,BHUBANESWAR,11350,MALE,Neutral or Dissatisfied,Ease of Online Booking,Returning,Economy plus,Business,
84,R,17,07-Apr-21,RANCHI,10572.5,MALE,Satisfied,Cleanliness,Returning,Economy plus,Business,
84,R,2,26-Apr-21,BHUBANESWAR,11411.5,FEMALE,Neutral or Dissatisfied,Baggage Handling,Returning,Business,Personal,
85,R,3,26-Apr-21,BHUBANESWAR,11473,MALE,Neutral or Dissatisfied,Cleanliness,Returning,Business,Business,
87,R,114,21-Apr-21,RANCHI,11345,MALE,Satisfied,Ease of Online Booking,Returning,Business,Business,
88,R,133,20-Apr-21,RANCHI,11602.5,MALE,Neutral or Dissatisfied,Arrival Time Convenience,Returning,Economy plus,Personal,
89,R,24,20-Apr-21,RANCHI,11860,MALE,Neutral or Dissatisfied,Cleanliness,Returning,Economy plus,Business,
90,R,55,24-Apr-21,RANCHI,12117.5,MALE,Neutral or Dissatisfied,Cleanliness,Returning,Business,Business,
91,R,7,23-Apr-21,LUCKNOW,3108.666667,MALE,Neutral or Dissatisfied,Baggage Handling,Returning,Economy plus,Personal,
91,R,49,26-Apr-21,BHUBANESWAR,11842,FEMALE,Neutral or Dissatisfied,Food and Drink,Returning,Business,Business,
92,R,85,26-Apr-21,BHUBANESWAR,11903.5,FEMALE,Neutral or Dissatisfied,Ease of Online Booking,Returning,Economy,Personal,
93,R,54,25-Apr-21,BHUBANESWAR,11965,MALE,Neutral or Dissatisfied,Baggage Handling,Returning,Economy,Business,
94,R,55,25-Apr-21,BHUBANESWAR,12026.5,FEMALE,Neutral or Dissatisfied,Baggage Handling,Returning,Economy plus,Business,
95,R,56,25-Apr-21,BHUBANESWAR,12088,FEMALE,Satisfied,Food and Drink,Returning,Economy plus,Business,
96,R,13,18-Apr-21,BHUBANESWAR,12149.5,MALE,Neutral or Dissatisfied,Arrival Time Convenience,Returning,Business,Personal,
97,R,14,18-Apr-21,BHUBANESWAR,12211,MALE,Neutral or Dissatisfied,Ease of Online Booking,Returning,Economy,Personal,
98,R,15,18-Apr-21,BHUBANESWAR,12272.5,FEMALE,Neutral or Dissatisfied,Baggage Handling,Returning,Economy plus,Business,
99,R,16,18-Apr-21,BHUBANESWAR,12334,MALE,Neutral or Dissatisfied,Arrival Time Convenience,Returning,Business,Business,
100,R,17,18-Apr-21,BHUBANESWAR,12395.5,MALE,Neutral or Dissatisfied,Cleanliness,Returning,Business,Business,
101,R,60,24-Apr-21,RANCHI,8750,MALE,Neutral or Dissatisfied,Food and Drink,Returning,Economy,Business,
101,R,18,18-Apr-21,BHUBANESWAR,12457,MALE,Neutral or Dissatisfied,Cleanliness,Returning,Economy plus,Personal,
102,R,19,18-Apr-21,BHUBANESWAR,12518.5,MALE,Neutral or Dissatisfied,In-flight Service,Returning,Business,Business,
103,R,71,05-Mar-21,RANCHI,9250,FEMALE,Neutral or Dissatisfied,Baggage Handling,Returning,Economy plus,Business,
103,R,20,18-Apr-21,BHUBANESWAR,12580,MALE,Satisfied,Food and Drink,Returning,Business,Business,
104,R,103,26-Apr-21,BHUBANESWAR,12641.5,MALE,Neutral or Dissatisfied,Food and Drink,Returning,Economy plus,Business,
105,R,5,11-Mar-21,LUCKNOW,1990,MALE,Satisfied,Food and Drink,Returning,Business,Business,
105,R,86,26-Apr-21,BHUBANESWAR,12703,FEMALE,Neutral or Dissatisfied,Arrival Time Convenience,Returning,Business,Personal,
106,R,10,17-Apr-21,RANCHI,10000,FEMALE,Neutral or Dissatisfied,Ease of Online Booking,Returning,Business,Business,
107,R,74,11-Feb-21,LUCKNOW,1855,MALE,Neutral or Dissatisfied,Ease of Online Booking,Returning,Business,Business,
107,R,100,26-Apr-21,RANCHI,10250,MALE,Neutral or Dissatisfied,In-flight Service,Returning,Business,Business,
109,R,106,25-Apr-21,RANCHI,10750,FEMALE,Neutral or Dissatisfied,In-flight Service,Returning,Economy,Personal,
110,R,107,25-Apr-21,RANCHI,11000,MALE,Neutral or Dissatisfied,Food and Drink,Returning,Economy plus,Business,
113,R,75,23-Feb-21,LUCKNOW,1450,MALE,Neutral or Dissatisfied,Ease of Online Booking,Returning,Economy plus,Personal,
114,R,112,04-Jan-21,LUCKNOW,1382.5,MALE,Neutral or Dissatisfied,In-flight Service,Returning,Economy plus,Business,
118,R,53,23-Apr-21,RANCHI,13000,MALE,Neutral or Dissatisfied,Arrival Time Convenience,Returning,Economy,Business,
119,R,78,26-Apr-21,BHUBANESWAR,13564,FEMALE,Satisfied,Cleanliness,Returning,Economy plus,Business,
120,R,8,24-Apr-21,BHUBANESWAR,13625.5,FEMALE,Neutral or Dissatisfied,Cleanliness,Returning,Economy plus,Business,
126,R,72,24-Apr-21,RANCHI,7033,MALE,Satisfied,Baggage Handling,Returning,Business,Business,
126,R,27,25-Apr-21,BHUBANESWAR,13994.5,FEMALE,Neutral or Dissatisfied,Food and Drink,Returning,Economy plus,Personal,
129,R,7,26-Apr-21,BHUBANESWAR,14179,MALE,Neutral or Dissatisfied,In-flight Service,Returning,Economy,Business,
133,R,105,02-Apr-21,LUCKNOW,5840,FEMALE,Neutral or Dissatisfied,Cleanliness,Returning,Business,Business,
134,R,102,02-Apr-21,LUCKNOW,5750,FEMALE,Neutral or Dissatisfied,Cleanliness,Returning,Economy,Personal,
135,R,103,02-Apr-21,LUCKNOW,3985,MALE,Satisfied,Baggage Handling,Returning,Economy plus,Business,
136,R,104,02-Apr-21,LUCKNOW,3610,FEMALE,Neutral or Dissatisfied,Ease of Online Booking,Returning,Business,Personal,
137,R,48,06-Apr-21,LUCKNOW,2846.5,FEMALE,Neutral or Dissatisfied,Arrival Time Convenience,Returning,Business,Business,
143,R,50,21-Apr-21,RANCHI,8597,MALE,Satisfied,Baggage Handling,Returning,Economy plus,Business,
150,R,91,24-Apr-21,RANCHI,9241,FEMALE,Neutral or Dissatisfied,Baggage Handling,Returning,Business,Business,
153,R,113,22-Apr-21,RANCHI,9517,FEMALE,Neutral or Dissatisfied,Baggage Handling,Returning,Economy plus,Business,
158,R,88,12-Apr-21,RANCHI,9977,MALE,Neutral or Dissatisfied,Baggage Handling,Returning,Business,Business,
162,R,108,25-Apr-21,LUCKNOW,4355.8,MALE,Neutral or Dissatisfied,Arrival Time Convenience,Returning,Economy plus,Business,
163,R,109,25-Apr-21,LUCKNOW,4415.6,MALE,Neutral or Dissatisfied,Arrival Time Convenience,Returning,Business,Business,
166,R,16,22-Apr-21,LUCKNOW,4595,MALE,Satisfied,Cleanliness,Returning,Economy,Personal,
166,R,12,15-Mar-21,RANCHI,10713,FEMALE,Neutral or Dissatisfied,Baggage Handling,Returning,Economy plus,Business,
167,R,17,22-Apr-21,LUCKNOW,4654.8,MALE,Satisfied,Food and Drink,Returning,Economy,Personal,
167,R,13,15-Mar-21,RANCHI,10805,FEMALE,Neutral or Dissatisfied,Cleanliness,Returning,Economy,Business,
168,R,18,22-Apr-21,LUCKNOW,4714.6,MALE,Neutral or Dissatisfied,Cleanliness,Returning,Economy plus,Business,
168,R,14,15-Mar-21,RANCHI,10897,MALE,Neutral or Dissatisfied,Baggage Handling,Returning,Economy plus,Business,
171,R,106,01-Apr-21,LUCKNOW,4894,FEMALE,Neutral or Dissatisfied,Arrival Time Convenience,Returning,Business,Business,
177,R,119,24-Apr-21,DELHI,5252.8,FEMALE,Neutral or Dissatisfied,Baggage Handling,Returning,Business,Business,
178,R,120,24-Apr-21,DELHI,5312.6,MALE,Satisfied,Food and Drink,Returning,Economy plus,Personal,
